Round,Accuracy,Loss
1,0.420032310177706,0.6996632638674753
2,0.8966074313408724,0.587815845340057
3,0.9321486268174475,0.17423966181237305
4,0.9450726978998385,0.15618196394902342
5,0.9515347334410339,0.1304260713668158
6,0.9563812600969306,0.11481163036288854
7,0.9612277867528272,0.11509399706240508
8,0.9660743134087237,0.10153881472464717
9,0.962059620596206,0.10247229218866605
10,0.9596122778675282,0.12197734072848836
11,0.9644588045234249,0.08848335135913182
12,0.9612277867528272,0.10221285039204683
